{
  "version": 1,
  "author": "Anonymous maker",
  "editor": "wokwi",
  "parts": [
    { "type": "wokwi-esp32-devkit-v1", "id": "esp", "top": -27.74, "left": -36.31, "attrs": {} },
    { "type": "wokwi-hc-sr04", "id": "ultrasonic1", "top": -231.31, "left": 96.35, "attrs": {} },
    { "type": "wokwi-servo", "id": "servo1", "top": -242.34, "left": -134.01, "attrs": {} },
    { "type": "wokwi-servo", "id": "servo2", "top": 165.56, "left": 138.45, "attrs": {} }
  ],
  "connections": [
    [ "esp:TX0", "$serialMonitor:RX", "", [] ],
    [ "esp:RX0", "$serialMonitor:TX", "", [] ],
    [ "ultrasonic1:VCC", "esp:3V3", "red", [ "v0" ] ],
    [ "ultrasonic1:TRIG", "esp:D12", "green", [ "v0" ] ],
    [ "ultrasonic1:ECHO", "esp:D15", "green", [ "v0" ] ],
    [ "ultrasonic1:GND", "esp:GND.1", "black", [ "v0" ] ],
    [ "servo1:PWM", "esp:D14", "green", [ "h-19.66", "v265.6" ] ],
    [ "servo2:PWM", "esp:D13", "green", [ "h0" ] ],
    [ "servo1:V+", "esp:VIN", "green", [ "h-32.62", "v313.6" ] ],
    [ "servo1:GND", "esp:GND.2", "black", [ "h-43.04", "v313.6" ] ],
    [ "servo2:GND", "esp:GND.1", "black", [ "h0" ] ],
    [ "servo2:V+", "esp:3V3", "green", [ "h0" ] ]
  ],
  "dependencies": {}
}