{
  "version": 1,
  "author": "Anonymous maker",
  "editor": "wokwi",
  "parts": [
    { "type": "wokwi-esp32-devkit-v1", "id": "esp", "top": 0, "left": 0, "attrs": {} },
    { "type": "wokwi-servo", "id": "servo2", "top": 20.16, "left": -423.92, "attrs": {} },
    {
      "type": "wokwi-pushbutton",
      "id": "btn1",
      "top": -130.64,
      "left": 112.07,
      "attrs": { "color": "green" }
    },
    { "type": "wokwi-lcd1602", "id": "lcd1", "top": -237.43, "left": -207.28, "attrs": {} }
  ],
  "connections": [
    [ "esp:TX0", "$serialMonitor:RX", "", [] ],
    [ "esp:RX0", "$serialMonitor:TX", "", [] ],
    [ "servo2:V+", "esp:3V3", "red", [ "v-2.12", "h-160.02", "v292.34", "h564.68", "v-99.45" ] ],
    [ "servo2:GND", "esp:GND.2", "#8f4814", [ "h-175.96", "v288.12", "h425.27" ] ],
    [ "servo2:PWM", "esp:D14", "green", [ "h218.92", "v142.77" ] ],
    [ "btn1:1.l", "esp:GND.1", "green", [ "h175.35", "v253.92" ] ],
    [ "btn1:2.l", "esp:D15", "green", [ "h39.88", "v238.14" ] ],
    [ "lcd1:D7", "esp:D2", "green", [ "v0" ] ],
    [ "lcd1:D5", "esp:D4", "green", [ "v0" ] ],
    [ "lcd1:D4", "esp:D5", "green", [ "v0" ] ],
    [ "lcd1:RS", "esp:D12", "green", [ "v0" ] ],
    [ "lcd1:E", "esp:D13", "green", [ "v0" ] ],
    [ "lcd1:D6", "esp:D18", "green", [ "v0" ] ]
  ],
  "dependencies": {}
}