{
  "version": 1,
  "author": "Anonymous maker",
  "editor": "wokwi",
  "parts": [
    { "type": "wokwi-esp32-devkit-v1", "id": "esp", "top": 0, "left": 0, "attrs": {} },
    {
      "type": "wokwi-hc-sr04",
      "id": "ultrasonic1",
      "top": -126.87,
      "left": 70.81,
      "attrs": { "distance": "100" }
    },
    { "type": "wokwi-servo", "id": "servo1", "top": -104.51, "left": -147.24, "attrs": {} }
  ],
  "connections": [
    [ "esp:TX0", "$serialMonitor:RX", "", [] ],
    [ "esp:RX0", "$serialMonitor:TX", "", [] ],
    [ "servo1:V+", "esp:3V3", "red", [ "h-40.03", "v246.59", "h278", "h33.79", "v-43.08" ] ],
    [ "servo1:GND", "esp:GND.2", "#8f4814", [ "h-53.22", "v195.46", "h205.46" ] ],
    [ "servo1:PWM", "esp:D12", "orange", [ "h-24.7", "v18.91", "h203.48", "v41.14", "h77.41" ] ],
    [ "ultrasonic1:GND", "esp:GND.1", "#8f4814", [ "v0" ] ],
    [ "ultrasonic1:VCC", "esp:3V3", "red", [ "v0" ] ],
    [ "ultrasonic1:TRIG", "esp:D19", "green", [ "v0" ] ],
    [ "ultrasonic1:ECHO", "esp:D21", "green", [ "v0" ] ]
  ],
  "dependencies": {}
}