{
  "version": 1,
  "author": "Anonymous maker",
  "editor": "wokwi",
  "parts": [
    { "type": "wokwi-esp32-devkit-v1", "id": "esp", "top": -14.67, "left": 94, "attrs": {} },
    { "type": "wokwi-servo", "id": "servo1", "top": 205.46, "left": 105.07, "attrs": {} },
    { "type": "wokwi-dip-switch-8", "id": "sw1", "top": -65.56, "left": -52.12, "attrs": {} }
  ],
  "connections": [
    [ "esp:TX0", "$serialMonitor:RX", "", [] ],
    [ "esp:RX0", "$serialMonitor:TX", "", [] ],
    [ "servo1:GND", "esp:GND.1", "black", [ "h0" ] ],
    [ "servo1:V+", "esp:3V3", "green", [ "h0" ] ],
    [ "servo1:PWM", "esp:D12", "green", [ "h0" ] ],
    [ "sw1:1a", "esp:D2", "green", [ "v0" ] ],
    [ "sw1:2a", "esp:D4", "green", [ "v0" ] ],
    [ "sw1:3a", "esp:D15", "green", [ "v0" ] ],
    [ "sw1:4a", "esp:D5", "green", [ "v0" ] ],
    [ "sw1:5a", "esp:D18", "green", [ "v0" ] ],
    [ "sw1:6a", "esp:D19", "green", [ "v0" ] ],
    [ "sw1:1b", "esp:GND.2", "green", [ "v0" ] ],
    [ "sw1:2b", "esp:GND.2", "green", [ "v0" ] ],
    [ "sw1:3b", "esp:GND.2", "green", [ "v0" ] ],
    [ "sw1:4b", "esp:GND.2", "green", [ "v0" ] ],
    [ "sw1:5b", "esp:GND.2", "green", [ "v0" ] ],
    [ "sw1:6b", "esp:GND.2", "green", [ "v0" ] ]
  ],
  "dependencies": {}
}